{
    "gerado_em": "2026-07-19 17:23:56",
    "total_de_lotes": 30,
    "requisicoes_simultaneas_por_lote": 20,
    "total_de_requisicoes_por_cenario": 600,
    "sem_cache": {
        "media": 58.87045979499817,
        "minimo": 32.85813331604004,
        "maximo": 114.50695991516113,
        "p95": 89.66398239135742
    },
    "com_cache": {
        "media": 46.967254877090454,
        "minimo": 25.449037551879883,
        "maximo": 108.6270809173584,
        "p95": 80.7809829711914
    },
    "vezes_mais_rapido": 1.253436249341322
}