{
    "gerado_em": "2026-07-19 20:10:35",
    "total_de_lotes": 15,
    "requisicoes_simultaneas_por_lote": 80,
    "total_de_requisicoes_por_cenario": 1200,
    "sem_cache": {
        "media": 124.21230912208557,
        "minimo": 89.36691284179688,
        "maximo": 214.64300155639648,
        "p95": 214.58888053894043
    },
    "com_cache": {
        "media": 105.92359244823456,
        "minimo": 85.02006530761719,
        "maximo": 140.93708992004395,
        "p95": 140.84196090698242
    },
    "vezes_mais_rapido": 1.1726595204254313
}